timestamp,date_utc,account,mint,action,reason,rent_reclaimed_sol,signature
1769368657,2026-01-25T19:17:41Z,GtM4QCwSHUMD7UASbAmYWHTGyqmWqMUa2ykAetGDh5Hy,Cv1hSeR9bZJ4BGXhckonjkp6UrqcUBwWqWTqT9ihwuiM,RECLAIMED,InactiveGracePeriodPassed,0.00203928,3d4VDFXa1tju5jKURZKvy77GFei1XcXU2GsWGSFyJtaQwNCsTTNv9JQRzVixgj1bjQdTs2UwYNSf5wcLLgCKYbAb
1769368657,2026-01-25T19:17:44Z,sggpngqNLmYvm61Rswnsu4iGCm4PKExn8ahnXBSdx5Y,6E4UuBCsuMii52C83Xwc19YTe3N3M6oGqzpy4KNqiDn9,RECLAIMED,InactiveGracePeriodPassed,0.00203928,633qfRFxgydhSbvUGXdQT7tLmwXTkWU1436vi8hQyeFe3wcKQfCnAJFatFHBXsyWJF2MhjDbYUPWeTu2G3PYLS99
1769586220,2026-01-28T07:43:44Z,Esa7BXPnfhQXA8Uko1ByucgPFjuCsdRJD8Z6czbTiQSh,HJguF5rfCDv8bWeDsrvSm47zT3TRcr3jtab3JjtTQfwy,RECLAIMED,InactiveGracePeriodPassed,0.00203928,4JvwunTJKK14y26BqqHoxVoT7bk2fqFnqDiSQZZ7S6B3X7CSyoA1dM2dcrdYwNBwgEGM9B6pHGfDdXzmcZwUK61
1769586220,2026-01-28T07:43:46Z,5byj8Z1BQyzYiZfKejMkSadwpT8XLZrKGzTnvn7CBSPQ,HpezembN9YBvupoaQ6psZvuRBbMRSokHFvyDG1ychnH6,RECLAIMED,InactiveGracePeriodPassed,0.00203928,U1pE98kAceS9Tdb5LbppuZxqWny4m2ZCfEWU6941NZikpmFnebZzJMaJfV5NpyKkpo7PB8PyDbVadxVhnZpVmrn
1769594760,2026-01-28T10:06:14Z,HS6V677tcXCfRDhpZYvZhsJ2EU7eenzmmcb4fEqNnk8n,EhHWc7K6hsF4p5iabn4YkbtCKDzEaw69P2eZ6RRqoE6A,RECLAIMED,InactiveGracePeriodPassed,0.00203928,3Hy3AedsBtHxFWEMhFqPRVB4xWVaYmEtTbaqqnWm7DyYpQrcshQ3fPmB7A6q2pN4RSe5Y3auD7BPdsQxTBHbK3QK
1769619605,2026-01-28T17:00:17Z,G18ru2fShTFL42tKji97PWCXjDasnVwoHTRHcAPYLmbz,21edHN1cnZZWLvuwcm2reCVbJuz23b2hyYzHXaujZhW4,RECLAIMED,InactiveGracePeriodPassed,0.00203928,33TPebj2x7GEAF6zaRu318d4ccWTCn9tcFZx6gMhQhb6YrQtAhio26h71iJk4bsMd19PAiGZHt5iwLsob9pZZYnT
1769619605,2026-01-28T17:00:20Z,7uJ8vsWiTTQK3DcYVFD5qSaHDRxmmYpDas7xCFWjDYek,AQ4MY2sSQFemhfjtnEGsTdmvTnoVqxtuJgTz2rjRQVjb,RECLAIMED,InactiveGracePeriodPassed,0.00203928,4ZEB3UWcV3WALdKoHSgePZX3VzMpVgfsCMntX7cz4shpxhMD1jDZ3vgYpRLLm8bk8E2gmxuKXXSXNvHycnfLWoFp
1769619605,2026-01-28T17:00:21Z,6cTtbhDMC6sPCAxoh5KGJicLCKUds3EGUWq8Tq427o71,6bBwPYnyt9FaXrgYpu19URMEDSPogaMH6WZUwUH9mQfi,RECLAIMED,InactiveGracePeriodPassed,0.00203928,56JU25o2iXWAYUatJifyr2pNknGKZwtPQzQatgtPwr8JUdQPC3oPqVkmxJZ3dotxUJoR212xZgNhFm8RemLGiF6x
1769619605,2026-01-28T17:00:23Z,5uSmXxKEVp4KA5LEWzPhbQdRCoFPiM4ew96cfsg53Puz,7PHpERfApYcLkv5nrKi8QjKwJBqfEZJAF2RomCSwxyjn,RECLAIMED,InactiveGracePeriodPassed,0.00203928,2grfkxtu5Zn8nm34UsJiqEDRhkZpUnqXWDWoS3pVmxue43uNukh3GirPVbFXBDPPBTRDyPGwgMYSz95Rf76Wzzas
1769621671,2026-01-28T17:34:37Z,AQtYxe2FhoJABvZrTpfUeAcic9u3cbZFygohWmm2Hcig,46KwtFNCsiZEgVoJnggNbRviALCxE3XHTuEc3QsdKJoD,RECLAIMED,InactiveGracePeriodPassed,0.00203928,ttHPBSM4d2EqYeiZ45pwG8bsPDjUo1KG4yy6eTpE2ZhiPBZHvFwh6ucBWnHRnCpyhEoSQYpMaMAbzCTWb9BCph1
1769621671,2026-01-28T17:34:41Z,An9duZLCCCTXdXUuBtjYKXHGMcm2qXcHNBAnBe9wqxfk,EbEYRBSzut8zHBTqKFdxBHrLq3BynMgJbKb489o5qcjb,RECLAIMED,InactiveGracePeriodPassed,0.00203928,61AwYmTWZ94z7sCikXFPAdqJStnYjG3RwFbFa6GqZzXsNN7r2wFQo2a5muKFXAdWMp7eLqGN9QkVGGN2t2fsMiCA
1769621671,2026-01-28T17:34:45Z,GD2tbUjtCH6fGf7bSZf362xbcXXJsaBjFCGN7vVhwneV,8U3v484PFmcJsJxc9Tt9ULDGdDF8ixQxz7P5UPrtwvry,RECLAIMED,InactiveGracePeriodPassed,0.00203928,3peW55R3iJNsxHH5NZmCutPmikQKMcXWTcPdxLbGMqe1injUkeNdT53nJMUQm7iZt66VP7N3mbGYv8Exhh4QUcA
